﻿{"cameraMode":{"drawMode":0,"name":"Shaded","section":"Shading Mode"},"sceneLighting":false,"audioPlay":false,"sceneViewState":{"showFog":true,"showMaterialUpdate":false,"showSkybox":false,"showFlares":true,"showImageEffects":true,"showParticleSystems":true},"in2DMode":false,"pivot":{"x":1.9232786893844605,"y":2.5277299880981447,"z":2.36458158493042},"rotation":{"x":-0.37619850039482119,"y":0.18713080883026124,"z":-0.07786447554826737,"w":-0.9041019678115845},"size":8.793094635009766,"orthographic":false}